{
  "version": 2,
  "builds": [
    {
      "src": "package.json",
      "use": "@vercel/static-build",
      "config": { "distDir": "dist/public" }
    },
    {
      "src": "server/vercel-handler.ts",
      "use": "@vercel/node"
    }
  ],
  "functions": {
    "server/vercel-handler.ts": {
      "runtime": "nodejs20.x",
      "memory": 1024,
      "maxDuration": 60
    }
  },
  "routes": [
    { "src": "/api/(.*)", "dest": "/server/vercel-handler.ts" },
    { "handle": "filesystem" },
    { "src": "/(.*)", "dest": "/index.html" }
  ]
}
